"id","game_name"
"0", "Dota 2"
"1", "Overwatch"
"2", "PUBG"
"3", "Starcraft : Brood War"
"4", "Heroes Of The Storm"
"5", "Counter-Strike : Global-Offensive"
"6", "Rocket League"
"7", "League of Legends"
"8", "Warcraft 3"
"9", "Starcraft 2"
"10", "Rainbow Six : Siege"
"11", "Super Smash Bros"
"12", "Hearthstone"
13,natoque
14,sem duis aliquam convallis nunc
15,tincidunt lacus at velit
16,non interdum in ante
17,non
18,ut suscipit a feugiat
19,tincidunt lacus at
20,amet
21,morbi odio
22,commodo placerat praesent blandit nam
23,rutrum rutrum neque aenean auctor
24,duis at velit eu
25,vel lectus
26,in sagittis dui
27,suspendisse
28,mauris
29,mauris sit amet eros suspendisse
30,adipiscing
31,lobortis est phasellus
32,cras in
33,interdum venenatis
34,luctus et ultrices posuere cubilia
35,porttitor pede justo eu massa
36,integer pede justo
37,praesent
38,eu massa donec
39,sodales
40,nisi at nibh
41,eget congue eget
42,maecenas
43,curabitur convallis duis
44,id
45,molestie sed justo pellentesque viverra
46,pulvinar sed nisl
47,sit amet
48,accumsan tellus nisi eu orci
49,pede malesuada in
50,nullam
51,justo nec
52,ligula nec
53,turpis nec euismod scelerisque
54,scelerisque mauris sit amet eros
55,habitasse
56,augue
57,dolor sit amet consectetuer
58,etiam vel augue
59,erat
60,erat volutpat
61,a suscipit
62,nisl duis bibendum
63,lacinia nisi
64,vivamus metus arcu adipiscing molestie
65,platea dictumst etiam faucibus cursus
66,quam nec dui
67,libero non mattis pulvinar
68,id luctus
69,eget eros
70,eget
71,primis
72,erat
73,elementum pellentesque
74,vitae nisl
75,libero ut massa volutpat
76,hac habitasse platea dictumst morbi
77,nunc viverra
78,neque sapien placerat ante
79,a
80,at
81,justo
82,massa donec dapibus
83,justo etiam pretium iaculis justo
84,commodo vulputate justo in
85,nisl nunc rhoncus dui
86,nulla
87,pede
88,lobortis ligula sit
89,consequat nulla nisl nunc
90,ante vivamus tortor duis
91,ut volutpat sapien arcu sed
92,velit eu est
93,turpis integer
94,ut at dolor
95,dapibus duis at
96,non lectus aliquam sit amet
97,non
98,sed sagittis nam congue
99,ac
100,mollis molestie
101,mattis odio donec
102,id pretium
103,tincidunt lacus at
104,quis turpis
105,risus praesent
106,ac est
107,sit amet diam in
108,rhoncus mauris enim leo
109,sed justo pellentesque
110,quisque arcu libero
111,natoque penatibus
112,lectus
113,nonummy maecenas tincidunt lacus
114,quam sapien
115,enim blandit mi in porttitor
116,interdum mauris
117,facilisi cras
118,faucibus accumsan odio curabitur convallis
119,lacinia aenean sit
120,dapibus augue vel accumsan
121,sit amet justo morbi
122,laoreet ut rhoncus
123,libero quis orci
124,ante ipsum primis in
125,morbi vestibulum
126,libero rutrum
127,libero non mattis pulvinar nulla
128,proin eu mi nulla ac
129,sapien arcu
130,eros
131,posuere
132,amet eleifend
133,sit amet sapien dignissim
134,morbi non quam nec
135,suspendisse potenti in eleifend
