name,image
eu,http://lorempixel/800/600
vel,http://lorempixel/800/600
convallis,http://lorempixel/800/600
ipsum,http://lorempixel/800/600
interdum,http://lorempixel/800/600
tincidunt,http://lorempixel/800/600
augue,http://lorempixel/800/600
tellus,http://lorempixel/800/600
"orci,",http://lorempixel/800/600
ultricies,http://lorempixel/800/600
"elit,",http://lorempixel/800/600
"lorem,",http://lorempixel/800/600
"lorem,",http://lorempixel/800/600
sollicitudin,http://lorempixel/800/600
"a,",http://lorempixel/800/600
dictum,http://lorempixel/800/600
turpis.,http://lorempixel/800/600
Donec,http://lorempixel/800/600
non,http://lorempixel/800/600
nunc,http://lorempixel/800/600
Nunc,http://lorempixel/800/600
interdum,http://lorempixel/800/600
iaculis,http://lorempixel/800/600
porttitor,http://lorempixel/800/600
est.,http://lorempixel/800/600
"sem,",http://lorempixel/800/600
ornare,http://lorempixel/800/600
Phasellus,http://lorempixel/800/600
quis,http://lorempixel/800/600
lacinia,http://lorempixel/800/600
nulla,http://lorempixel/800/600
Cras,http://lorempixel/800/600
gravida,http://lorempixel/800/600
pede.,http://lorempixel/800/600
justo,http://lorempixel/800/600
non,http://lorempixel/800/600
arcu,http://lorempixel/800/600
"vel,",http://lorempixel/800/600
"non,",http://lorempixel/800/600
at,http://lorempixel/800/600
Integer,http://lorempixel/800/600
amet,http://lorempixel/800/600
Nulla,http://lorempixel/800/600
"est,",http://lorempixel/800/600
nisi.,http://lorempixel/800/600
arcu,http://lorempixel/800/600
vehicula,http://lorempixel/800/600
"a,",http://lorempixel/800/600
dolor.,http://lorempixel/800/600
"ullamcorper,",http://lorempixel/800/600
et,http://lorempixel/800/600
Maecenas,http://lorempixel/800/600
Vivamus,http://lorempixel/800/600
Maecenas,http://lorempixel/800/600
sit,http://lorempixel/800/600
In,http://lorempixel/800/600
ante,http://lorempixel/800/600
mauris,http://lorempixel/800/600
Phasellus,http://lorempixel/800/600
Sed,http://lorempixel/800/600
dolor,http://lorempixel/800/600
Sed,http://lorempixel/800/600
risus,http://lorempixel/800/600
"est,",http://lorempixel/800/600
odio,http://lorempixel/800/600
blandit.,http://lorempixel/800/600
ultrices,http://lorempixel/800/600
feugiat,http://lorempixel/800/600
molestie,http://lorempixel/800/600
per,http://lorempixel/800/600
sit,http://lorempixel/800/600
"a,",http://lorempixel/800/600
euismod,http://lorempixel/800/600
Nulla,http://lorempixel/800/600
metus.,http://lorempixel/800/600
sed,http://lorempixel/800/600
arcu.,http://lorempixel/800/600
"elit,",http://lorempixel/800/600
aliquet,http://lorempixel/800/600
magna,http://lorempixel/800/600
pede.,http://lorempixel/800/600
vehicula.,http://lorempixel/800/600
diam,http://lorempixel/800/600
justo.,http://lorempixel/800/600
lobortis,http://lorempixel/800/600
Donec,http://lorempixel/800/600
lectus,http://lorempixel/800/600
nec,http://lorempixel/800/600
neque,http://lorempixel/800/600
Ut,http://lorempixel/800/600
dignissim,http://lorempixel/800/600
tincidunt,http://lorempixel/800/600
"elit,",http://lorempixel/800/600
malesuada,http://lorempixel/800/600
Suspendisse,http://lorempixel/800/600
"tortor,",http://lorempixel/800/600
tellus.,http://lorempixel/800/600
ultrices,http://lorempixel/800/600
Cras,http://lorempixel/800/600
sapien,http://lorempixel/800/600