name,organization_id
Tvelicfs,102
Ppzd,5
Vfhap,74
Pmpqoxyr,84
Nxdhrwb,50
Lbfktj,75
Iknuoqv,56
Jbxlniwq,54
Wipyfgsu,56
Jiry,139
Nveq,138
Ureskbo,132
Tbqvndzj,93
Szbc,35
Xxbchyd,51
Ukameb,78
Xcyhqn,33
Rgtbyzs,33
Tgwyexps,82
Pwshjlp,80
Xrpgsqk,51
Izoml,122
Wark,76
Vdzkl,59
Yxts,92
Jcupadb,52
Mzwcbgn,131
Bmygxkur,117
Qdfygoie,71
Qxszpq,38
Vozia,106
Pfxpqs,57
Dqoxzikr,113
Ctqdh,81
Ddfj,54
Gsvr,150
Wjpxya,118
Dwyxzi,52
Lipycko,87
Vhiqdtum,51
Ujzkq,35
Skuvy,84
Hlgibxrq,104
Nqzup,98
Jszqy,49
Hzxgamcl,36
Clqz,32
Uxag,116
Fkotzylw,109
Lftgyiu,4
Hhlnjd,88
Zwlj,69
Ydsmtjc,25
Zmphsb,21
Cuizx,56
Qemk,129
Kyxgfqnl,14
Vhmqj,100
Lzoy,129
Hxiqr,122
Gzqoxw,73
Ezqx,90
Omjdan,56
Sbark,149
Rzyghpx,103
Yfqpyim,110
Ywji,80
Eeudt,128
Yypuq,121
Xgmsuae,65
Civhlcu,32
Uvzwaf,22
Liumsnja,15
Hzqpsnu,26
Djzrqitp,131
Aagvdtf,120
Mvylkq,82
Zfaji,58
Pkbe,60
Lragnwd,125
Zzobiuqn,59
Qqal,142
Xzhdf,13
Mxbzj,146
Zysqzwbe,143
Xrzdmkyu,45
Wrlhm,79
Qiubqrfs,59
Ijqibfx,112
Vjzgbie,30
Ppjd,40
Jnpz,129
Hgti,32
Tqagf,9
Tzfcdtv,9
Kzagveis,8
Pzie,18
Bbiz,126
Djye,114
Uxul,73
Hbjcld,33
Hsqe,115
Iseqct,130
Fnlgxbzy,116
Fiyof,33
Ixpilo,73
Yamwfve,12
Wmgtpb,77
Mnwpuaq,77
Uhtpra,136
Wudvnbl,54
Fbdfc,13
Tdjhbnq,86
Bbrfz,94
Yypoabmr,63
Sqiks,53
Xtfawyp,57
Kunj,79
Dhdo,91
Vpma,68
Rvtekd,18
Wdgbyw,2
Xoqytmru,145
Qnbspwrl,33
Ybeihrc,36
Owqmboc,92
Uytge,45
Kzbuxpo,14
Gdvgeuqb,27
Nkgj,60
Uspg,50
Ihago,37
Aybci,5
Mpnhir,99
Jduv,31
Ljlom,27
Cvhqxr,41
Gsyc,3
Twxnmpzq,55
Xsriz,139
Pzjbdm,19
Rslngzm,67
Nvob,112
Esbxty,84
Pzpgw,25
Jmvsbyw,16
Itza,51
Yrpifec,107
Ykbxwuj,11
Pxrkc,28